http://www.nfljerseys.us/,
http://www.yeezyboost350.us.com/,
http://www.longchampbags.us.com/,
http://www.adidas-uk.org.uk/,
http://www.yeezys.org/,
http://www.nike-stores.fr/,
http://www.underarmouroutlet.us.com/,
http://www.timberlanduk.org.uk/,
http://www.jordan12.us/,
http://www.yeezy-shoes.us.com/,
http://www.nikehuarache.us/,
http://www.kedsshoesforwomen.com/,
http://www.yeezy.com.co/,
http://www.nikeairmax.us/,
http://www.outlettoms.us/,
http://www.ultraboostuncaged.us/,
http://www.mlb-jerseys.us/,
http://www.adidas-nmds.com/,
http://www.oakleyoutlet.net.co/,
http://www.rboutlet.org/,
http://www.katespadeoutlets.us/,
http://www.adidas-outlet.org/,
http://www.nikeairmax-90.com/,
http://www.timberland-outlet.us/,
http://www.rayban-sunglasses.ca/,
http://www.adidas-nmd.org.uk/,
http://www.adidaseqt.com/,
http://www.ralphlaurens.org.uk/,
http://www.jordan4.us/,
http://www.cheapjordan-shoes.com/,
http://www.adidasnmdoutlet.com/,
http://www.google.com